{
  "hash": "f4483f3c",
  "configHash": "dea9d189",
  "lockfileHash": "45a9e2a3",
  "browserHash": "4b479eb1",
  "optimized": {
    "@angular/common": {
      "src": "../../../../../node_modules/@angular/common/fesm2022/common.mjs",
      "file": "@angular_common.js",
      "fileHash": "6e2a83e9",
      "needsInterop": false
    },
    "@angular/common/http": {
      "src": "../../../../../node_modules/@angular/common/fesm2022/http.mjs",
      "file": "@angular_common_http.js",
      "fileHash": "7505e077",
      "needsInterop": false
    },
    "@angular/core": {
      "src": "../../../../../node_modules/@angular/core/fesm2022/core.mjs",
      "file": "@angular_core.js",
      "fileHash": "2bceb77b",
      "needsInterop": false
    },
    "@angular/forms": {
      "src": "../../../../../node_modules/@angular/forms/fesm2022/forms.mjs",
      "file": "@angular_forms.js",
      "fileHash": "524dca0d",
      "needsInterop": false
    },
    "@angular/platform-browser": {
      "src": "../../../../../node_modules/@angular/platform-browser/fesm2022/platform-browser.mjs",
      "file": "@angular_platform-browser.js",
      "fileHash": "52b48e15",
      "needsInterop": false
    },
    "@angular/platform-browser/animations": {
      "src": "../../../../../node_modules/@angular/platform-browser/fesm2022/animations.mjs",
      "file": "@angular_platform-browser_animations.js",
      "fileHash": "c04164f3",
      "needsInterop": false
    },
    "@angular/router": {
      "src": "../../../../../node_modules/@angular/router/fesm2022/router.mjs",
      "file": "@angular_router.js",
      "fileHash": "dd73aa25",
      "needsInterop": false
    },
    "mdb-angular-ui-kit/collapse": {
      "src": "../../../../../node_modules/mdb-angular-ui-kit/fesm2022/mdb-angular-ui-kit-collapse.mjs",
      "file": "mdb-angular-ui-kit_collapse.js",
      "fileHash": "75014c86",
      "needsInterop": false
    }
  },
  "chunks": {
    "chunk-BENDHWJF": {
      "file": "chunk-BENDHWJF.js"
    },
    "chunk-IZZDZAKL": {
      "file": "chunk-IZZDZAKL.js"
    },
    "chunk-UESBLBDZ": {
      "file": "chunk-UESBLBDZ.js"
    },
    "chunk-PNJZ44L7": {
      "file": "chunk-PNJZ44L7.js"
    }
  }
}